"subreddit","sentiment","sentiment_count"
"highschool","Positive","17"
"Twitter","Positive","29216"
"Teachers","Positive","859"
"Teachers","Neutral","310"
"highschool","Neutral","11"
"Professors","Negative","357"
"Twitter","Negative","8907"
"ChatGPT","Negative","17860"
"ChatGPT","Positive","57902"
"OpenAI","Negative","737"
"Student","Neutral","5"
"Professors","Positive","1165"
"college","Negative","3"
"Internationalteachers","Neutral","5"
"ChatGPT","Neutral","28507"
"OpenAI","Positive","2675"
"Student","Positive","5"
"college","Neutral","1"
"Internationalteachers","Negative","5"
"Twitter","Neutral","22089"
"OpenAI","Neutral","1160"
"Internationalteachers","Positive","22"
"Teachers","Negative","212"
"college","Positive","3"
"highschool","Negative","8"
"Professors","Neutral","441"
